RatingID,Symbol,AgencyID,Date,Rating
1,WHR,1,11/27/2015,A
2,WHR,1,2/13/2014,BBB
3,WHR,2,3/6/2015,BBB
4,WHR,2,6/15/2012,BBB
5,WHR,3,10/24/2016,BBB
6,SLB,1,7/18/2014,AA
7,SLB,1,5/13/2014,AA
8,SLB,1,7/23/2015,A
9,HON,1,4/29/2014,AA
10,HON,4,2/16/2016,A
11,HON,1,4/21/2015,AA
12,SYY,1,6/1/2015,A
13,SYY,1,6/5/2014,A
14,SYY,1,11/3/2015,BBB
15,SYY,1,5/7/2013,A
16,PM,3,3/21/2016,A
17,PM,3,7/4/2013,A
18,PM,3,2/12/2013,A
19,PM,1,10/17/2014,A
20,PM,4,6/15/2012,A
21,T,1,10/28/2014,A
22,T,4,6/15/2012,A
23,T,3,10/24/2016,BBB
24,T,4,11/28/2012,A
25,DUK,1,9/27/2013,A
26,DUK,1,5/26/2015,AA
27,DUK,1,9/22/2015,AA
28,DUK,1,6/10/2013,A
29,DUK,4,6/15/2012,BBB
30,DUK,4,8/10/2016,BBB
31,DHR,1,4/28/2014,AA
32,DHR,1,7/18/2014,AA
33,DHR,1,10/27/2015,A
34,DHR,4,6/15/2012,A
35,CACI,3,4/19/2016,BB
36,CACI,3,11/26/2014,BB
37,CACI,3,10/25/2013,BB
38,CACI,3,9/29/2016,BB
39,SWX,3,9/4/2014,A
40,SWX,4,6/15/2012,BBB
41,SWX,3,4/2/2014,AA
42,SWX,3,4/27/2011,BBB
43,SWX,2,5/28/2013,A
44,SWX,3,1/21/2016,AA
45,AMOV,2,6/15/2012,A
46,NKTR,1,11/20/2015,B
47,NKTR,1,4/1/2015,B
48,NKTR,1,4/14/2014,B
49,NKTR,1,6/17/2013,CCC
50,WEC,1,5/15/2015,A
51,WEC,1,12/5/2013,BBB
52,WEC,1,9/14/2015,A
53,FE,1,8/14/2015,BB
54,FE,1,6/13/2014,BB
55,FE,1,8/29/2014,BB
56,FE,4,6/15/2012,BBB
57,FE,4,3/1/2013,BBB
58,VGR,1,12/11/2013,B
59,VGR,1,8/28/2015,B
60,VGR,3,11/13/2011,BBB
61,VGR,3,11/29/2016,BB
62,VGR,3,1/30/2013,B
63,CMS,1,11/4/2013,BBB
64,CMS,1,11/12/2015,BBB
65,CMS,1,2/9/2015,BBB
66,CMS,4,6/15/2012,BB
67,CMS,4,3/15/2013,BBB
68,CMS,2,10/31/2016,BBB
69,GE,1,10/5/2015,AA
70,GE,1,5/14/2014,AA
71,GE,2,10/5/2016,AA
72,LMT,1,5/7/2014,BBB
73,LMT,1,4/29/2015,A
74,LMT,1,7/27/2015,BBB
75,LMT,4,6/15/2012,BBB
76,LMT,4,12/14/2012,BBB
77,OXY,1,11/12/2015,A
78,OXY,1,9/23/2013,A
79,OXY,4,12/2/2014,A
80,OXY,4,6/19/2012,A
81,OXY,4,11/4/2016,A
82,PNW,1,12/4/2015,A
83,PNW,1,11/26/2014,A
84,PNW,1,6/6/2014,AA
85,CVS,1,11/16/2015,AA
86,CVS,1,8/29/2013,A
87,CVS,1,5/18/2015,A
88,CVS,4,6/15/2012,BBB
89,CVS,4,11/27/2012,BBB
90,CVS,3,7/21/2016,BBB
91,WY,1,2/21/2014,BBB
92,WY,1,8/19/2014,BBB
93,WY,4,4/22/2013,BBB
94,WY,1,11/9/2015,BBB
95,WY,4,6/15/2012,BB
96,EPAY,1,12/3/2014,B
97,EPAY,1,12/22/2015,B
98,UVV,1,6/27/2014,BBB
99,UVV,1,12/12/2014,BBB
100,UVV,4,6/15/2012,BB
101,UVV,1,9/9/2015,BBB
102,UVV,1,5/30/2013,BBB
103,EMR,4,6/15/2012,A
104,EMR,4,5/18/2015,A
105,EMR,4,2/14/2013,A
106,MRO,4,7/31/2013,BBB
107,MRO,4,10/24/2012,BBB
108,MRO,4,6/15/2012,BBB
109,MRO,1,12/10/2014,A
110,MRO,1,11/13/2015,BB
111,CRC,3,11/12/2015,BB
112,CRC,3,8/24/2016,D
113,CRC,4,9/4/2014,BB
114,GATX,1,10/29/2014,BB
115,GATX,1,5/14/2014,BB
116,GATX,1,10/28/2015,BB
117,GATX,1,4/16/2013,BB
118,GATX,3,10/20/2016,BBB
119,EPD,1,11/26/2013,A
120,EPD,1,11/14/2014,A
121,EPD,1,7/27/2015,A
122,EPD,1,3/22/2013,BBB
123,RBA,4,12/2/2016,BB
124,CBT,4,7/6/2012,BBB
125,CBT,3,6/21/2012,BBB
126,CBT,1,5/13/2015,BBB
127,CBT,1,12/2/2015,BBB
128,CBT,1,2/24/2014,BBB
129,CBT,4,9/6/2016,BBB
130,PSX,4,11/12/2014,A
131,PSX,3,10/31/2016,BBB
132,PSX,1,8/31/2015,A
133,PSX,3,5/14/2014,BBB
134,PSX,3,3/29/2013,BBB
135,EFX,4,6/15/2012,BBB
136,EFX,1,8/9/2013,A
137,EFX,1,10/27/2015,A
138,EFX,1,7/28/2014,A
139,EFX,4,12/10/2012,BBB
140,XOM,1,9/24/2013,AA
141,XOM,1,11/26/2014,AA
142,XOM,3,4/26/2016,AA
143,QCOM,4,5/13/2015,A
144,QCOM,3,11/14/2016,A
145,CSX,4,9/9/2014,BBB
146,CSX,1,10/14/2015,A
147,CSX,4,10/17/2012,BBB
148,CSX,4,6/15/2012,BBB
149,CSX,1,7/17/2013,A
150,CSX,4,10/14/2016,BBB
151,CSX,3,4/28/2011,BBB
152,HAL,1,8/26/2013,AA
153,HAL,1,1/16/2015,A
154,HAL,4,11/5/2015,A
155,HAL,4,6/15/2012,A
156,LB,1,1/16/2015,BB
157,LB,1,7/1/2013,BBB
158,LB,1,12/10/2015,BBB
159,UFS,1,12/1/2015,BBB
160,UFS,1,5/12/2014,BB
161,UFS,4,6/15/2012,BBB
162,UFS,1,3/19/2015,BBB
163,UFS,4,8/20/2012,BBB
164,HES,1,5/7/2015,BBB
165,HES,1,9/11/2013,A
166,HES,1,8/14/2015,BB
167,HES,4,9/19/2016,BB
168,CHDN,4,12/2/2015,B
169,CHDN,4,12/9/2013,B
170,UNH,4,12/3/2014,A
171,UNH,4,6/15/2012,A
172,UNH,4,10/17/2012,A
173,UNH,4,7/20/2015,A
174,MMC,1,11/27/2013,A
175,MMC,1,10/30/2015,A
176,MMC,1,6/4/2015,A
177,MMC,1,3/4/2013,A
178,TOT,2,6/15/2012,AA
179,TOT,5,8/16/2005,AA
180,BAX,4,6/15/2012,A
181,BAX,1,2/10/2015,A
182,BAX,1,8/5/2015,BBB
183,BAX,1,8/20/2013,A
184,BAX,4,8/10/2016,BBB
185,NAV,2,8/6/2012,CC
186,NAV,1,12/16/2013,CCC
187,NAV,2,6/15/2012,BB
188,NAV,1,9/17/2015,B
189,NAV,1,7/9/2014,B
190,SEE,3,12/10/2013,BB
191,SEE,3,8/12/2011,BB
192,SEE,4,6/8/2015,B
193,SEE,4,6/8/2016,BBB
194,SEE,3,6/1/2011,BB
195,PRGO,4,11/5/2013,BBB
196,PRGO,4,5/9/2013,BBB
197,PRGO,3,4/9/2015,BBB
198,AEE,1,6/3/2015,A
199,AEE,1,11/30/2015,A
200,AEE,1,6/13/2014,A
201,AEE,4,6/15/2012,BBB
202,COP,1,6/3/2014,AA
203,COP,1,11/9/2015,BBB
204,COP,1,11/17/2014,AA
205,COP,4,6/15/2012,A
206,COP,1,5/1/2013,A
207,DNR,1,8/23/2013,BB
208,DNR,3,2/9/2016,BB
209,DNR,1,8/27/2014,BB
210,DNR,4,6/15/2012,B
211,DNR,4,1/22/2013,B
212,ES,1,11/10/2015,A
213,XEL,1,6/4/2014,A
214,XEL,1,9/24/2015,A
215,XEL,1,1/20/2015,A
216,XEL,4,6/15/2012,BBB
217,XEL,4,5/6/2013,BBB
218,XEL,4,11/29/2016,A
219,AA,1,10/14/2015,BB
220,PFE,1,12/19/2013,AA
221,PFE,1,10/29/2015,A
222,PFE,1,9/16/2014,AA
223,PFE,4,6/15/2012,A
224,PBI,1,5/28/2014,BBB
225,PBI,1,11/18/2014,BBB
226,PBI,3,11/27/2012,BBB
227,PBI,1,9/17/2015,BBB
228,PBI,4,6/15/2012,BBB
229,PBI,3,10/14/2016,BBB
230,PBI,3,9/30/2010,BBB
231,RIO,1,3/4/2015,A
232,RIO,3,2/1/2016,A
233,RIO,1,4/7/2014,A
234,RIO,4,6/15/2012,A
235,NI,1,8/6/2015,BBB
236,MSFT,3,12/4/2013,AAA
237,MSFT,3,8/18/2015,AAA
238,MSFT,3,8/20/2014,AAA
239,MSFT,4,5/1/2013,AAA
240,MSFT,3,8/15/2016,AAA
241,GM,4,11/4/2014,BB
242,GM,3,9/28/2015,BBB
243,GM,1,6/11/2014,BBB
244,SANM,2,6/15/2012,BB
245,SANM,2,7/19/2012,BB
246,SANM,3,10/7/2016,BB
247,SANM,3,10/30/2014,BB
248,SANM,4,5/20/2014,BB
249,SANM,4,6/9/2016,BB
250,CCL,3,10/13/2016,A
251,LYB,4,5/29/2013,BBB
252,LYB,3,10/14/2014,BBB
253,LYB,4,8/8/2013,BBB
254,LYB,3,1/21/2016,BBB
255,LYB,4,6/15/2012,BB
256,INGR,1,5/27/2015,A
257,INGR,1,12/1/2015,A
258,INGR,1,12/5/2013,A
259,INGR,4,6/15/2012,BBB
260,INGR,4,9/18/2012,BBB
261,GLP,3,6/16/2016,B
262,GLP,4,6/1/2015,B
263,GLP,4,6/16/2014,B
264,VC,3,3/15/2016,BB
265,VC,3,3/23/2015,BB
266,VC,3,3/25/2014,BB
267,VC,4,6/15/2012,B
268,NWE,1,8/22/2013,BBB
269,NWE,3,3/31/2015,A
270,NWE,3,3/24/2011,A
271,NWE,4,6/15/2012,A
272,NWE,1,7/30/2015,BBB
273,NWE,3,2/22/2013,A
274,NBR,3,4/22/2016,BBB
275,NBR,1,7/28/2014,BBB
276,NBR,1,3/20/2014,BBB
277,NBR,3,3/22/2013,BBB
278,NBR,4,12/2/2016,BB
279,NBR,4,6/15/2012,BBB
280,NBR,3,3/3/2011,BBB
281,CNSL,3,5/14/2012,B
282,CNSL,3,5/23/2013,B
283,ETN,3,11/14/2012,A
284,ETN,1,11/12/2014,A
285,ETN,1,11/5/2013,A
286,ETN,1,8/11/2015,A
287,ETN,4,6/15/2012,A
288,ETN,3,1/25/2011,A
289,ABBV,4,11/14/2016,BBB
290,ABBV,3,7/18/2014,A
291,AVY,1,8/5/2015,BBB
292,AVY,1,5/12/2014,BBB
293,AVY,4,4/3/2013,BBB
294,AON,1,11/26/2014,A
295,AON,1,11/9/2015,A
296,AON,4,6/15/2012,BBB
297,AON,1,2/14/2014,A
298,DE,1,8/14/2013,AA
299,DE,1,2/27/2015,A
300,DE,4,6/15/2012,A
301,WPP,1,9/18/2014,A
302,WPP,1,7/7/2015,A
303,WPP,1,8/13/2013,BBB
304,WPP,2,6/15/2012,BBB
305,RIG,4,7/5/2016,CCC
306,RIG,1,5/26/2015,BB
307,RIG,4,10/19/2015,BB
308,RIG,4,6/15/2012,BBB
309,RIG,1,3/31/2014,BB
310,RIG,1,5/9/2013,BB
311,VZ,1,7/23/2014,BBB
312,VZ,1,5/16/2014,BBB
313,VZ,1,10/22/2015,A
314,VZ,2,10/26/2016,A
315,VZ,2,6/15/2012,A
316,VZ,2,3/5/2013,A
317,ETR,1,12/18/2013,A
318,ETR,1,12/3/2014,A
319,ETR,1,9/10/2015,A
320,ETR,4,8/17/2016,BBB
321,APD,1,9/26/2013,A
322,APD,1,11/18/2014,A
323,APD,1,8/6/2015,A
324,KSU,4,11/9/2015,BBB
325,EIX,1,9/17/2015,A
326,EIX,1,11/6/2014,A
327,EIX,1,3/28/2014,A
328,EIX,4,8/24/2016,A
329,EIX,1,5/23/2013,BBB
330,EIX,3,3/6/2012,BB
331,EIX,3,6/21/2011,BBB
332,DTE,1,8/1/2014,AA
333,DTE,1,3/18/2014,A
334,DTE,1,10/28/2015,AA
335,DTE,4,6/15/2012,BBB
336,DTE,4,10/25/2016,BBB
337,DTE,4,2/8/2013,BBB
338,NE,1,5/7/2014,BBB
339,NE,4,2/29/2016,B
340,NE,1,5/7/2015,BBB
341,NE,4,3/13/2013,BBB
342,NE,4,12/13/2016,B
343,MU,3,6/25/2015,BB
344,MU,3,4/11/2016,BB
345,MU,3,1/31/2014,BB
346,VOD,4,6/10/2016,BBB
347,MLM,1,1/28/2014,BB
348,MLM,1,2/20/2015,BBB
349,MLM,1,12/21/2015,BBB
350,MAS,2,6/15/2012,BB
351,MAS,4,3/10/2016,BB
352,MAS,2,2/18/2015,BB
353,ENR,1,8/12/2014,BBB
354,ENR,3,5/31/2016,BB
355,MO,4,6/15/2012,BBB
356,MO,4,3/9/2016,A
357,MO,4,10/28/2013,BBB
358,MO,4,9/13/2016,A
359,MO,4,4/30/2013,BBB
360,MO,4,11/10/2014,BBB
361,AMGN,3,9/13/2013,A
362,AMGN,1,4/23/2015,BBB
363,AMGN,2,2/18/2016,BBB
364,AMGN,4,9/10/2012,BBB
365,AMGN,3,8/10/2016,A
366,EQT,1,3/9/2015,BBB
367,EQT,1,11/1/2013,BBB
368,EQT,1,12/22/2015,BB
369,EQT,4,6/15/2012,BBB
370,EQT,4,3/21/2013,BBB
371,EQT,3,4/11/2011,BBB
372,TGT,1,4/7/2014,A
373,TGT,1,1/5/2015,A
374,TGT,4,6/15/2012,A
375,TGT,1,9/25/2015,A
376,TGT,3,4/29/2013,A
377,TGT,3,4/27/2011,A
378,MDT,1,3/17/2015,A
379,MDT,1,3/20/2014,A
380,MDT,1,6/21/2013,A
381,MDT,1,9/29/2015,A
382,CHK,1,12/10/2014,BBB
383,CHK,1,11/17/2015,B
384,CHK,1,3/21/2014,BBB
385,CHK,1,3/12/2013,BBB
386,CHK,3,4/8/2011,B
387,CHK,3,9/29/2016,B
388,CHK,2,6/15/2012,BB
389,CL,1,8/12/2013,AA
390,CL,1,8/11/2015,AA
391,CL,1,2/11/2015,AA
392,CL,2,6/15/2012,AA
393,JBL,3,4/5/2012,BB
394,JBL,1,10/8/2014,BBB
395,JBL,1,1/13/2014,BBB
396,JBL,1,12/22/2015,BBB
397,JBL,3,9/27/2016,BBB
398,JBL,3,12/10/2012,BBB
399,JBL,3,11/3/2010,BB
400,WCN,3,9/28/2016,BBB
401,WCN,3,6/1/2016,BBB
402,WCN,3,6/12/2015,BBB
403,ACHC,3,1/28/2015,B
404,ABB,4,6/15/2012,A
405,ABB,1,8/5/2013,A
406,ABB,1,5/8/2015,A
407,ABB,1,8/12/2015,A
408,BCE,1,8/27/2014,BB
409,BCE,1,11/20/2013,BB
410,BCE,1,5/31/2013,BB
411,BCE,4,6/15/2012,BBB
412,BCE,3,4/4/2011,BBB
413,BCE,1,9/10/2015,BB
414,BCE,5,8/8/2016,BBB
415,TUP,1,5/1/2015,A
416,TUP,1,11/12/2013,A
417,TUP,1,7/23/2015,A
418,TUP,4,3/6/2013,BBB
419,TUP,3,7/25/2016,BBB
420,TUP,3,5/25/2012,BBB
421,K,1,1/6/2014,BBB
422,K,1,9/24/2015,BBB
423,K,2,2/8/2013,BBB
424,MYL,4,5/31/2016,BBB
425,MYL,3,11/15/2016,BBB
426,PNR,1,7/27/2015,A
427,PNR,1,5/19/2014,A
428,PNR,1,2/18/2015,A
429,PH,3,5/24/2012,A
430,PH,1,7/3/2014,AA
431,PH,3,6/28/2016,A
432,PH,3,5/24/2013,A
433,PH,3,6/6/2014,A
434,PH,3,5/31/2011,A
435,PH,3,12/1/2016,A
436,GPN,3,3/10/2016,BBB
437,TIF,2,9/22/2014,A
438,TIF,2,2/1/2016,BBB
439,TIF,3,8/23/2016,BBB
440,IEX,1,4/21/2015,A
441,IEX,1,5/7/2014,A
442,IEX,2,6/15/2012,BBB
443,IEX,1,10/21/2015,A
444,EXC,1,11/13/2014,A
445,EXC,2,3/25/2016,BBB
446,EXC,1,12/11/2013,BBB
447,EXC,3,4/28/2011,BBB
448,EXC,3,11/18/2011,BBB
449,EXC,3,8/24/2012,BBB
450,EXC,3,7/25/2016,BBB
451,RYN,1,8/5/2014,A
452,RYN,1,11/11/2013,A
453,RYN,1,9/18/2015,BBB
454,RYN,4,6/15/2012,BBB
455,NSC,1,9/16/2015,A
456,NSC,1,1/24/2014,A
457,NSC,1,8/1/2014,A
458,NSC,4,6/15/2012,BBB
459,NSC,3,8/3/2012,BBB
460,NSC,3,9/16/2016,BBB
461,OTEX,3,12/14/2016,BB
462,OTEX,3,5/25/2016,BBB
463,OTEX,4,1/28/2015,BBB
464,OTEX,3,9/13/2013,BBB
465,OTEX,3,7/31/2012,BBB
466,OTEX,3,11/10/2011,BBB
467,E,3,1/17/2012,A
468,E,3,2/1/2016,A
469,E,3,7/16/2013,A
470,E,1,11/25/2014,A
471,E,2,7/4/2012,A
472,E,4,9/14/2016,BBB
473,LEN,4,7/21/2016,BB
474,LEN,4,6/15/2012,B
475,LEN,4,6/26/2015,BB
476,LEN,4,2/26/2016,BB
477,LEN,4,10/18/2012,B
478,RAD,1,4/13/2015,B
479,RAD,1,1/3/2014,B
480,RAD,3,10/28/2015,CCC
481,RAD,4,2/27/2013,CCC
482,RAD,3,12/13/2016,B
483,D,1,12/8/2014,A
484,D,1,8/23/2013,A
485,D,1,9/21/2015,A
486,D,1,5/1/2013,A
487,XRX,1,9/6/2013,BB
488,XRX,1,2/12/2015,BB
489,XRX,4,6/15/2012,BBB
490,XRX,1,8/24/2015,BB
491,XRX,4,10/11/2016,BBB
492,THC,1,12/26/2013,B
493,THC,4,5/20/2016,CCC
494,THC,3,11/16/2016,B
495,THC,3,6/26/2013,CCC
496,THC,3,11/4/2011,BB
497,THC,3,8/3/2010,CCC
498,THC,3,9/24/2014,CCC
499,DVA,1,9/25/2013,BB
500,DVA,1,2/20/2015,BB
501,DVA,4,8/14/2012,B
502,DVA,4,6/15/2012,B
503,DVA,1,11/13/2015,BB
504,UGI,1,2/24/2014,BBB
505,UGI,1,12/22/2014,BBB
506,UGI,1,9/1/2015,BBB
507,ENDP,1,6/29/2015,B
508,ENDP,3,11/6/2013,BB
509,ENDP,1,9/28/2015,B
510,ENDP,3,5/26/2011,BB
511,CMI,2,10/12/2012,A
512,CMI,3,9/21/2011,A
513,CMI,3,6/21/2011,BBB
514,CMI,1,5/27/2014,AA
515,CMI,1,11/4/2015,AA
516,CMI,1,11/10/2014,AA
517,MSCI,3,3/31/2015,BB
518,MSCI,4,8/10/2015,BB
519,MSCI,3,8/1/2016,BB
520,MSCI,4,12/12/2013,BB
521,MSCI,4,6/15/2012,BB
522,FDX,1,9/30/2015,AA
523,FDX,1,1/17/2014,A
524,FDX,1,6/18/2015,AA
525,FDX,1,6/19/2013,A
526,VLO,1,6/15/2015,A
527,VLO,4,6/15/2012,BBB
528,VLO,1,12/4/2015,A
529,VLO,1,3/31/2014,BBB
530,VLO,4,9/7/2016,BBB
531,CRS,1,8/6/2014,BBB
532,CRS,4,6/15/2012,BBB
533,CRS,1,10/26/2015,BBB
534,CRS,1,2/14/2014,BBB
535,CRS,4,2/21/2013,BBB
536,CRS,3,11/28/2016,BBB
537,CRS,3,12/20/2010,BBB
538,JNJ,1,7/15/2014,AA
539,JNJ,4,12/2/2013,AAA
540,IP,1,11/10/2015,BBB
541,IP,1,11/4/2013,BBB
542,IP,4,6/15/2012,BBB
543,IP,1,8/5/2014,BBB
544,IP,4,8/2/2016,BBB
545,DOV,1,4/23/2015,A
546,DOV,1,7/23/2015,A
547,DOV,1,6/12/2014,A
548,DOV,4,11/2/2016,A
549,DOV,2,6/15/2012,A
550,CAT,1,1/27/2014,BBB
551,CAT,4,6/15/2012,A
552,CAT,1,2/13/2015,BBB
553,CAT,1,10/23/2015,BBB
554,CAT,3,10/21/2016,A
555,CAT,3,8/20/2012,A
556,UNP,1,2/11/2014,AAA
557,UNP,4,6/15/2012,BBB
558,UNP,1,11/3/2014,AA
559,UNP,4,3/13/2013,BBB
560,UNP,1,8/24/2015,AA
561,UNP,4,8/2/2016,A
562,CHH,1,10/31/2014,BBB
563,CHH,1,11/4/2013,BBB
564,CHH,1,8/10/2015,BBB
565,AXL,1,12/5/2014,BBB
566,AXL,1,1/7/2014,BB
567,AXL,1,11/30/2015,BBB
568,KMB,1,7/23/2013,A
569,KMB,1,10/28/2015,A
570,KMB,4,6/15/2012,A
571,KMB,1,10/22/2014,A
572,X,1,5/6/2015,BB
573,X,1,1/30/2014,B
574,X,4,5/2/2016,CCC
575,X,4,6/15/2012,B
576,X,4,3/20/2013,B
577,X,3,4/28/2009,BB
578,X,3,9/15/2016,BB
579,ORCL,1,9/30/2015,AA
580,ORCL,1,1/14/2014,AA
581,ORCL,1,9/23/2014,AA
582,ORCL,3,4/24/2012,A
583,SYK,1,7/18/2014,AA
584,SYK,4,3/3/2016,BBB
585,SYK,1,5/13/2014,AA
586,SYK,4,6/15/2012,A
587,SYK,4,3/20/2013,A
588,SRE,1,12/26/2013,BBB
589,SRE,1,11/6/2015,A
590,SRE,1,4/14/2015,A
591,SRE,2,6/15/2012,BBB
592,SRE,4,10/6/2016,BBB
593,SRE,4,9/19/2012,BBB
594,RRD,1,6/4/2014,BB
595,RRD,1,8/10/2015,B
596,RRD,4,6/15/2012,BB
597,RRD,1,12/8/2014,BB
598,RRD,2,9/24/2012,BB
599,RRD,4,9/14/2016,B
600,TAC,3,9/30/2015,BB
601,TAC,3,9/30/2016,BB
602,MUR,4,2/18/2016,B
603,MUR,1,11/13/2014,A
604,MUR,1,8/23/2013,A
605,MUR,4,6/15/2012,BBB
606,MUR,4,11/27/2012,BBB
607,MUR,2,8/12/2016,BBB
608,CVA,1,5/5/2014,B
609,CVA,1,3/24/2015,B
610,CVA,1,7/31/2015,B
611,CVA,2,11/1/2012,BB
612,ENB,4,3/10/2014,BBB
613,ENB,4,6/15/2012,BBB
614,ENB,4,6/22/2015,BBB
615,ENB,4,11/28/2016,BBB
616,ENB,4,6/28/2013,BBB
617,LH,4,1/21/2015,BBB
618,LH,4,6/15/2012,BBB
619,LH,4,8/20/2012,BBB
620,LH,4,10/29/2013,BBB
621,MGM,4,4/26/2016,B
622,MGM,1,12/4/2013,B
623,MGM,4,6/15/2012,BB
624,MGM,1,8/28/2014,BB
625,MGM,1,6/11/2013,B
626,MGM,3,8/4/2016,BB
627,XEC,1,3/20/2014,A
628,XEC,3,11/13/2015,BBB
629,XEC,1,5/26/2015,BB
630,XEC,4,6/15/2012,BB
631,MCK,1,11/4/2014,BBB
632,MCK,4,3/5/2014,BBB
633,MCK,1,11/11/2015,BBB
634,MCK,4,3/5/2013,BBB
635,SWN,2,3/9/2016,B
636,SWN,4,6/15/2012,BBB
637,SWN,4,1/20/2015,BBB
638,APA,1,9/22/2015,BB
639,APA,4,4/10/2015,BBB
640,APA,1,6/11/2014,A
641,APA,2,6/15/2012,A
642,APA,4,11/28/2012,A
643,CLF,4,10/17/2014,BB
644,CLF,4,2/3/2016,C
645,CLF,4,9/8/2016,CCC
646,CLF,4,6/15/2012,BBB
647,CLF,4,12/6/2012,BBB
648,CSL,4,6/15/2012,BBB
649,CSL,4,11/15/2012,BBB
650,OMI,3,7/31/2015,BBB
651,OMI,3,7/19/2016,BBB
652,OMI,3,9/11/2014,BBB
653,OGE,1,9/2/2014,A
654,OGE,1,8/27/2015,A
655,OGE,4,1/31/2014,A
656,OGE,4,6/15/2012,BBB
657,OGE,4,7/6/2012,BBB
658,WLL,4,2/11/2016,CCC
659,WLL,1,5/5/2015,BB
660,WLL,4,7/28/2016,CCC
661,WLL,4,9/9/2013,BB
662,TROX,4,11/6/2015,B
663,TROX,4,3/5/2015,B
664,ALLE,4,2/8/2016,BBB
665,WU,4,11/18/2013,BBB
666,WU,4,6/15/2012,A
667,WU,4,11/27/2012,BBB
668,EMN,1,11/10/2015,BBB
669,EMN,1,10/31/2013,BBB
670,EMN,1,11/14/2014,BBB
671,EMN,4,6/15/2012,BBB
672,EMN,4,11/16/2016,BBB
673,LAMR,4,9/14/2015,BB
674,WDC,3,11/14/2016,BB
675,WDC,4,3/14/2016,BB
676,FMC,1,11/12/2014,BBB
677,FMC,1,6/10/2014,A
678,FMC,1,12/2/2015,BBB
679,FMC,4,6/15/2012,BBB
680,CVX,4,4/8/2016,AA
681,CVX,1,8/14/2014,AA
682,CVX,1,9/17/2013,AA
683,CVX,4,11/26/2012,AA
684,ON,3,1/27/2016,BB
685,ON,4,6/15/2012,BB
686,ON,3,9/19/2016,BB
687,PVH,1,12/14/2015,BB
688,PVH,1,6/5/2015,BB
689,PVH,1,10/4/2013,BB
690,PVH,3,12/14/2016,BB
691,PVH,1,6/21/2013,BB
692,AMKR,3,5/28/2015,BB
693,AMKR,3,5/15/2013,BB
694,AMKR,3,12/16/2016,BB
695,AMKR,3,5/18/2016,BB
696,AMKR,3,5/8/2014,BB
697,AMKR,3,5/21/2012,BB
698,SPR,3,4/22/2015,BB
699,SPR,3,3/17/2016,BBB
700,SPR,3,3/4/2014,B
701,WMB,3,6/22/2015,BB
702,WMB,3,6/24/2011,BB
703,WMB,3,12/30/2015,BB
704,WMB,3,7/1/2016,BB
705,WMB,3,2/16/2012,BB
706,ATKR,3,12/7/2016,B
707,RCII,3,10/26/2011,BB
708,RCII,3,6/3/2014,B
709,RCII,3,6/3/2015,B
710,RCII,3,11/23/2016,B
711,RCII,3,6/17/2016,B
712,JBLU,4,7/15/2015,BBB
713,JBLU,1,1/8/2015,BB
714,JBLU,1,12/24/2013,BB
715,ADM,4,6/15/2012,A
716,ADM,4,8/8/2016,A
717,ADM,1,5/27/2014,A
718,ADM,1,9/21/2015,A
719,ADM,1,12/3/2014,A
720,MOS,4,11/1/2016,BBB
721,MOS,4,6/15/2012,BBB
722,PPL,1,3/19/2014,BBB
723,PPL,1,12/4/2014,A
724,PPL,1,6/12/2013,BB
725,PPL,1,10/6/2015,BBB
726,KEX,4,6/15/2012,BBB
727,KEX,4,9/22/2015,BBB
728,KEX,2,11/29/2012,BBB
729,BSX,4,6/15/2012,BBB
730,BSX,1,8/16/2013,BB
731,BSX,1,10/28/2014,BB
732,BSX,4,12/7/2016,BBB
733,BSX,1,7/30/2015,BB
734,SPWR,1,9/20/2013,CCC
735,GD,1,5/5/2015,AA
736,GD,1,10/28/2013,A
737,GD,4,11/1/2012,A
738,GD,1,8/4/2015,AA
739,GD,4,8/9/2016,A
740,GD,4,6/15/2012,A
741,HDS,3,4/15/2016,B
742,HDS,3,12/21/2016,B
743,TEN,1,2/4/2015,BBB
744,TEN,1,7/31/2013,BBB
745,TEN,1,10/29/2015,A
746,TEN,3,12/14/2016,BBB
747,BAM,3,9/20/2016,BBB
748,CTAS,1,10/1/2015,A
749,CTAS,1,10/1/2014,A
750,CTAS,1,10/9/2013,A
751,EE,1,11/30/2015,A
752,EE,1,6/13/2014,A
753,EE,1,12/18/2014,A
754,NOC,1,5/12/2014,A
755,NOC,2,5/29/2013,BBB
756,NOC,1,5/11/2015,A
757,NOC,1,9/16/2015,A
758,NOC,4,11/28/2016,BBB
759,TKR,4,8/31/2015,BBB
760,TKR,4,8/13/2014,BBB
761,ANTM,1,8/6/2014,BBB
762,ANTM,1,10/29/2013,BBB
763,EC,3,3/18/2011,BBB
764,EC,3,6/30/2015,BBB
765,EC,3,1/29/2016,BBB
766,EC,3,8/16/2012,BBB
767,EC,4,6/15/2012,BBB
768,EC,4,9/10/2013,BBB
769,CCZ,4,2/17/2016,A
770,CCZ,4,6/15/2012,BBB
771,CCZ,4,2/13/2013,A
772,CCZ,4,8/5/2014,A
773,CCZ,4,7/12/2016,A
774,CCZ,4,2/21/2014,A
775,HPQ,1,1/15/2014,BBB
776,HPQ,4,6/15/2012,A
777,HPQ,1,4/7/2015,BBB
778,HPQ,4,11/28/2012,BBB
779,KMT,1,2/10/2015,BBB
780,KMT,1,2/14/2014,A
781,KMT,4,1/20/2016,BBB
782,BG,1,8/15/2014,BB
783,BG,1,11/8/2013,BBB
784,BG,1,11/27/2015,BBB
785,BG,3,4/23/2012,BB
786,BG,3,11/29/2016,BB
787,BG,3,4/27/2011,BB
788,BG,3,4/9/2013,BB
789,ORAN,2,6/9/2015,BBB
790,ORAN,2,9/22/2015,BBB
791,ORAN,4,11/1/2016,BBB
792,HUBG,4,1/27/2016,CCC
793,HUBG,4,12/3/2014,CCC
794,HUBG,4,9/10/2013,CCC
795,FIS,3,5/28/2015,BBB
796,FIS,3,1/11/2016,BBB
797,FIS,3,1/24/2014,BBB
798,FIS,3,1/17/2013,BBB
799,FIS,3,3/5/2012,BB
800,KTOS,3,12/16/2016,CCC
801,KTOS,3,5/6/2014,B
802,KTOS,3,4/17/2015,B
803,KTOS,3,3/30/2016,B
804,WLK,3,8/8/2016,BBB
805,WLK,4,6/15/2012,BBB
806,WLK,4,7/10/2012,BBB
807,SCCO,1,11/17/2015,BBB
808,SCCO,1,8/19/2014,BBB
809,SCCO,1,9/13/2013,BBB
810,SCCO,4,6/15/2012,BBB
811,SCCO,3,10/17/2016,BBB
812,SCCO,4,8/27/2012,BBB
813,TXT,1,12/27/2013,BBB
814,TXT,3,1/20/2016,BBB
815,TXT,3,4/29/2013,BBB
816,BIIB,1,11/5/2013,AA
817,BIIB,4,9/10/2015,BBB
818,BIIB,1,10/23/2014,AA
819,BIIB,4,6/15/2012,BBB
820,BIIB,3,4/17/2013,A
821,BIIB,3,12/22/2010,BBB
822,SBUX,4,11/25/2013,BBB
823,SBUX,1,11/19/2014,A
824,SBUX,4,9/15/2015,A
825,SBUX,4,6/15/2012,BBB
826,SBUX,4,4/29/2013,BBB
827,SBUX,3,12/14/2016,A
828,CLW,4,1/17/2013,BB
829,CLW,4,7/24/2014,BB
830,WTI,3,10/17/2012,B
831,WTI,3,9/13/2016,B
832,WTI,3,4/21/2016,CC
833,WTI,3,4/23/2015,B
834,WTI,3,4/30/2014,B
835,WTI,3,6/1/2011,B
836,WTI,3,4/26/2012,B
837,IRCP,3,6/28/2016,B
838,IRCP,2,6/15/2012,B
839,IRCP,2,8/1/2014,B
840,IRCP,2,11/30/2012,B
841,NFG,4,5/21/2014,A
842,NFG,4,2/18/2016,BBB
843,NFG,4,6/15/2012,BBB
844,NFG,1,12/15/2014,A
845,NFG,4,2/12/2013,BBB
846,AVA,1,6/3/2015,A
847,AVA,1,12/7/2015,A
848,AVA,1,3/26/2014,A
849,AVA,4,6/15/2012,A
850,CMP,3,6/26/2015,BB
851,CMP,3,9/29/2016,BB
852,CMP,3,6/16/2016,BB
853,CMP,3,6/12/2014,BB
854,NWL,3,4/22/2016,BBB
855,NWL,1,7/29/2013,A
856,NWL,1,7/7/2014,A
857,NWL,4,6/15/2012,BB
858,NWL,2,10/27/2016,BBB
859,EL,4,6/15/2012,A
860,EL,4,8/1/2012,A
861,EL,4,5/5/2016,A
862,EL,4,6/1/2015,A
863,CNI,4,10/31/2013,A
864,CNI,4,7/28/2016,A
865,CNI,4,8/28/2014,A
866,CNI,4,9/15/2015,A
867,CNI,4,6/15/2012,A
868,CNI,4,11/8/2012,A
869,GOLD,4,6/15/2012,BBB
870,GOLD,3,5/26/2014,BBB
871,GOLD,3,7/30/2012,BBB
872,GOLD,3,3/2/2015,BBB
873,AUY,2,6/25/2014,BBB
874,AUY,3,8/31/2016,BB
875,RS,1,4/30/2015,BBB
876,RS,1,10/27/2015,BBB
877,RS,3,4/17/2012,BBB
878,RS,3,4/3/2013,BBB
879,RS,1,3/28/2014,BBB
880,NUE,1,2/3/2014,BBB
881,NUE,1,7/29/2014,BBB
882,NUE,1,10/27/2015,BBB
883,NUE,4,10/22/2012,A
884,NUE,4,6/15/2012,A
885,VRSK,1,10/29/2015,BBB
886,VRSK,1,3/10/2015,BBB
887,VRSK,1,9/6/2013,BBB
888,AVGO,3,5/28/2015,A
889,AVGO,4,6/15/2012,A
890,AVGO,1,8/11/2015,A
891,AVGO,4,8/13/2012,A
892,YRCW,1,12/19/2014,B
893,YRCW,1,8/26/2013,CC
894,YRCW,1,12/2/2015,B
895,CCEP,4,5/18/2016,A
896,PAA,1,2/26/2014,A
897,PAA,4,11/15/2016,BBB
898,PAA,4,6/15/2012,BBB
899,PAA,3,8/11/2015,BBB
900,PAA,1,8/27/2014,A
901,PAA,3,6/28/2013,BBB
902,PAA,3,5/16/2011,BBB
903,DAR,4,9/27/2013,BB
904,DAR,4,6/15/2012,BB
905,DAR,4,9/18/2012,BBB
906,DAR,3,10/24/2016,BB
907,DAR,3,9/29/2015,BB
908,TGNA,4,6/15/2012,BB
909,TGNA,3,9/3/2014,BB
910,TGNA,3,5/9/2014,BB
911,TGNA,3,4/25/2016,BB
912,TGNA,3,6/13/2013,BB
913,DIS,3,1/9/2015,A
914,DIS,3,12/12/2012,A
915,DIS,3,12/22/2011,A
916,DIS,3,1/8/2016,A
917,DIS,3,12/23/2010,A
918,DIS,3,12/17/2013,A
919,DIS,3,8/31/2016,A
920,RSG,3,11/26/2013,BBB
921,G,3,7/1/2015,BBB
922,G,4,1/10/2014,BB
923,G,4,8/6/2012,BB
924,AGCO,1,8/2/2013,BBB
925,AGCO,4,6/15/2012,BB
926,AGCO,3,8/12/2015,BBB
927,AGCO,3,8/18/2016,BBB
928,AGCO,1,2/11/2015,BBB
929,AGCO,3,9/17/2012,BBB
930,HCA,1,11/30/2015,BB
931,HCA,1,12/13/2013,B
932,HCA,1,5/29/2015,B
933,HCA,1,6/7/2013,B
934,FCX,4,1/27/2016,B
935,FCX,4,11/10/2014,BBB
936,FCX,4,6/15/2012,BBB
937,FCX,2,3/1/2013,BBB
938,FOE,1,4/15/2014,B
939,FOE,1,12/7/2015,B
940,FOE,1,4/7/2015,B
941,FOE,4,6/15/2012,B
942,VSH,3,6/28/2016,BB
943,VSH,3,6/1/2012,BB
944,VSH,3,6/26/2015,BB
945,VSH,3,6/28/2011,BB
946,VSH,3,6/26/2013,BB
947,VSH,3,6/25/2014,BB
948,NVDA,3,9/21/2016,BBB
949,NVDA,3,12/20/2013,BB
950,NVDA,3,11/21/2014,BB
951,NVDA,3,11/20/2015,BB
952,VFC,4,6/7/2016,B
953,VFC,1,10/22/2014,A
954,VFC,1,7/22/2013,A
955,VFC,4,6/15/2012,A
956,VFC,3,8/29/2016,CCC
957,FCN,3,11/9/2012,BB
958,FCN,3,11/14/2014,BB
959,FCN,3,11/16/2015,BB
960,FCN,3,3/12/2014,BB
961,FCN,3,8/8/2016,BB
962,ACCO,1,11/17/2014,BB
963,ACCO,2,6/15/2012,BB
964,ACCO,1,2/18/2014,BB
965,ACCO,1,10/30/2015,BB
966,ACCO,3,12/8/2016,BB
967,ACCO,2,4/3/2013,BB
968,IBM,3,12/18/2015,AA
969,IBM,3,6/30/2011,A
970,IBM,3,2/13/2015,AA
971,IBM,3,6/30/2014,AA
972,IBM,3,5/20/2013,AA
973,IBM,3,5/30/2012,AA
974,MT,4,11/6/2012,BB
975,MT,4,3/25/2014,BB
976,BAK,3,8/8/2014,BBB
977,BAK,3,12/4/2015,BBB
978,AAPL,3,5/20/2016,AA
979,AAPL,3,5/28/2015,AA
980,AAL,1,11/12/2013,BB
981,AAL,4,6/30/2015,B
982,SM,3,8/9/2016,B
983,SM,3,1/16/2015,BB
984,SM,3,2/9/2016,B
985,SM,3,6/18/2013,BB
986,SM,3,4/10/2014,BB
987,SM,3,5/7/2012,BB
988,CXO,4,6/15/2012,B
989,CXO,1,8/11/2015,BB
990,CXO,1,9/24/2014,BB
991,CXO,4,8/14/2012,B
992,CXO,3,8/19/2016,BBB
993,DGX,1,2/12/2014,BBB
994,DGX,4,5/23/2016,BBB
995,DGX,4,6/15/2012,BBB
996,DGX,1,10/28/2014,BBB
997,CENT,1,6/18/2014,B
998,CENT,1,8/28/2014,B
999,CENT,1,12/16/2015,B
1000,CENT,4,6/15/2012,B
1001,EQR,1,5/28/2014,BBB
1002,EQR,1,9/14/2015,BBB
1003,EQR,1,5/12/2015,BBB
1004,KW,3,3/19/2014,BB
1005,KW,3,7/29/2015,BB
1006,KW,3,3/28/2013,BB
1007,KW,3,12/12/2014,BB
1008,KW,3,7/15/2016,BB
1009,CLX,2,6/15/2012,BBB
1010,CLX,4,9/12/2012,BBB
1011,PBFX,3,5/4/2015,B
1012,PBFX,3,12/16/2016,BB
1013,PBFX,3,3/14/2016,B
1014,LNT,1,9/2/2015,A
1015,LNT,1,3/19/2015,A
1016,LNT,1,1/8/2014,A
1017,LNT,4,6/15/2012,BBB
1018,LNT,4,7/5/2016,BBB
1019,EVC,3,7/10/2014,BB
1020,EVC,3,6/12/2013,B
1021,EVC,3,7/18/2016,BB
1022,EVC,3,5/15/2014,BB
1023,EVC,4,6/15/2012,B
1024,EVC,3,7/20/2015,BB
1025,PEP,3,3/27/2013,A
1026,PEP,3,4/21/2016,A
1027,PEP,3,2/18/2014,A
1028,PEP,3,6/29/2015,A
1029,PEP,3,3/30/2011,A
1030,PEP,3,3/27/2012,A
1031,DG,4,6/1/2016,BBB
1032,DG,4,4/8/2013,BBB
1033,DG,4,6/27/2012,BB
1034,CPB,1,9/9/2013,A
1035,CPB,1,9/10/2014,A
1036,CPB,1,12/10/2015,A
1037,CPB,4,6/15/2012,A
1038,CPB,4,7/30/2012,A
1039,AMC,3,8/3/2016,B
1040,OMC,1,10/27/2014,A
1041,OMC,1,8/5/2015,A
1042,OMC,1,10/25/2013,A
1043,CLMT,3,2/8/2016,B
1044,CLMT,3,8/13/2014,B
1045,CLMT,3,10/18/2016,CCC
1046,CLMT,3,3/26/2014,B
1047,CLMT,3,8/21/2012,B
1048,CLR,3,5/27/2014,BBB
1049,CLR,3,4/30/2015,BBB
1050,CLR,3,4/14/2016,BB
1051,CLR,3,4/2/2013,BB
1052,CLR,3,3/5/2012,BB
1053,SPGI,2,5/21/2015,BBB
1054,SPGI,1,11/17/2015,A
1055,SPGI,4,2/14/2013,BBB
1056,SPGI,1,5/20/2014,A
1057,SPGI,2,9/19/2016,BBB
1058,HST,3,1/30/2015,BBB
1059,HST,3,11/14/2011,BB
1060,HST,3,12/16/2016,BBB
1061,HST,3,11/6/2015,BBB
1062,HST,3,2/21/2013,BBB
1063,HST,3,1/23/2014,BBB
1064,ATI,4,11/6/2015,B
1065,ATI,4,6/15/2012,BBB
1066,ATI,4,11/5/2014,BB
1067,ATI,4,7/9/2013,BBB
1068,OLN,4,6/15/2012,BB
1069,OLN,1,12/26/2013,BBB
1070,OLN,1,11/17/2015,BB
1071,OLN,1,12/5/2014,BBB
1072,OLN,4,8/9/2012,BB
1073,BLL,1,5/29/2015,BBB
1074,BLL,2,6/15/2012,BBB
1075,BLL,3,11/30/2015,BB
1076,BLL,1,7/26/2013,BB
1077,BLL,3,7/5/2016,BBB
1078,OC,3,8/3/2016,BBB
1079,OC,1,10/30/2015,BBB
1080,OC,1,10/28/2014,BBB
1081,OC,4,6/15/2012,BB
1082,OC,3,8/16/2013,BBB
1083,OC,3,10/26/2012,BBB
1084,IAC,3,3/22/2013,BB
1085,IAC,3,2/25/2014,BB
1086,IAC,3,10/19/2015,BB
1087,IAC,3,2/13/2015,BB
1088,DVN,1,12/6/2013,A
1089,DVN,3,3/18/2016,BBB
1090,DVN,3,3/29/2011,BBB
1091,DVN,1,8/26/2014,A
1092,DVN,4,6/15/2012,BBB
1093,DVN,1,6/19/2013,A
1094,CENX,1,3/31/2015,BB
1095,CENX,1,9/5/2013,B
1096,CENX,1,12/4/2015,B
1097,CENX,4,6/15/2012,CCC
1098,TMO,1,7/30/2015,BBB
1099,TMO,1,2/4/2015,BBB
1100,TMO,1,2/11/2014,BBB
1101,TMO,4,8/4/2016,BBB
1102,TMO,2,7/16/2012,BBB
1103,TMO,2,6/15/2012,A
1104,SNA,1,5/6/2014,A
1105,SNA,1,10/29/2015,A
1106,SNA,4,6/15/2012,BBB
1107,BWA,1,1/10/2014,A
1108,BWA,1,8/8/2014,A
1109,BWA,4,6/15/2012,BBB
1110,BWA,1,11/6/2015,A
1111,LLY,2,5/26/2015,A
1112,LLY,1,8/5/2013,AA
1113,LLY,1,10/28/2015,A
1114,HLX,1,7/23/2014,BBB
1115,HLX,1,7/29/2013,B
1116,HLX,1,7/22/2015,BB
1117,PAG,3,5/11/2016,B
1118,PAG,3,8/26/2014,B
1119,PAG,3,8/12/2016,B
1120,PAG,3,6/27/2013,B
1121,ROCK,3,1/26/2016,BB
1122,ROCK,3,1/24/2014,BB
1123,ROCK,3,1/16/2013,BB
1124,ROCK,3,1/28/2015,BB
1125,PHI,3,9/9/2014,BBB
1126,PHI,3,12/20/2013,BBB
1127,PHI,2,3/28/2013,BBB
1128,PHI,3,12/16/2011,BB
1129,PHI,3,3/15/2011,BB
1130,PHI,3,12/19/2016,BBB
1131,PHI,3,6/1/2016,BBB
1132,GEL,4,2/5/2013,B
1133,GEL,3,8/20/2013,BB
1134,GEL,4,5/14/2015,B
1135,GEL,4,7/16/2015,B
1136,GEL,4,6/15/2012,B
1137,PCAR,3,12/18/2015,A
1138,PCAR,1,8/7/2013,A
1139,PCAR,3,5/20/2015,A
1140,PCAR,4,6/15/2012,A
1141,PCAR,3,5/14/2013,A
1142,PCAR,3,5/31/2011,A
1143,BRFS,3,5/19/2015,BBB
1144,BRFS,3,6/3/2013,BBB
1145,BRFS,3,5/15/2014,BBB
1146,BRFS,3,5/31/2012,BBB
1147,VMC,1,9/18/2015,BBB
1148,VMC,1,12/27/2013,B
1149,VMC,1,12/4/2014,BB
1150,VMC,4,7/12/2012,BB
1151,TEL,1,11/2/2015,A
1152,TEL,1,5/1/2014,A
1153,TEL,1,2/18/2015,A
1154,BIDU,4,6/22/2015,A
1155,BIDU,4,7/30/2013,A
1156,BIDU,4,11/5/2012,A
1157,VRSN,3,3/23/2015,BB
1158,VRSN,3,4/8/2013,BB
1159,VRSN,3,4/16/2014,BB
1160,VRSN,3,4/14/2016,BB
1161,BZH,3,3/11/2016,CCC
1162,BZH,3,5/24/2011,CCC
1163,BZH,3,7/31/2014,CCC
1164,BZH,3,9/27/2016,B
1165,BZH,3,1/29/2013,CCC
1166,BZH,3,9/16/2013,CCC
1167,BMY,1,10/31/2013,A
1168,BMY,1,8/4/2014,A
1169,BMY,1,11/11/2015,A
1170,BMY,4,6/15/2012,A
1171,BMY,2,7/3/2012,A
1172,HZN,3,7/10/2015,B
1173,HZN,3,9/6/2016,B
1174,ATO,1,8/26/2014,BBB
1175,ATO,1,8/12/2013,BBB
1176,ATO,4,6/15/2012,BBB
1177,ATO,1,9/24/2015,A
1178,ATO,4,1/8/2013,BBB
1179,GIS,3,9/11/2014,BBB
1180,GIS,3,9/2/2011,BBB
1181,GIS,3,9/19/2016,BBB
1182,GIS,3,9/22/2015,BBB
1183,GIS,3,9/25/2012,BBB
1184,GIS,3,8/21/2013,BBB
1185,CBB,1,3/12/2013,B
1186,CBB,1,6/13/2014,B
1187,CBB,1,9/10/2015,B
1188,CBB,1,3/2/2015,B
1189,CBB,3,9/13/2016,B
1190,CBB,4,6/15/2012,BB
1191,HSC,4,3/14/2013,BB
1192,HSC,1,11/23/2015,BB
1193,HSC,4,6/15/2012,BBB
1194,HSC,1,12/18/2014,BB
1195,HSC,1,3/19/2014,BB
1196,HSC,4,10/18/2016,BB
1197,JCI,1,2/28/2014,A
1198,JCI,4,11/28/2016,BBB
1199,JCI,1,8/24/2015,AA
1200,JCI,1,7/30/2014,AA
1201,JCI,1,4/29/2013,BBB
1202,LYV,3,10/26/2016,B
1203,LYV,3,5/19/2014,B
1204,LYV,3,4/7/2016,B
1205,LYV,3,3/27/2015,B
1206,ARCO,4,6/15/2012,BB
1207,ARCO,2,9/25/2013,BBB
1208,ARCO,4,3/8/2016,B
1209,ARCO,2,6/15/2015,BB
1210,GLW,4,6/15/2012,A
1211,GLW,4,10/28/2015,BBB
1212,GLW,4,11/13/2013,A
1213,GLW,4,10/26/2012,A
1214,GLW,4,5/5/2015,A
1215,BKH,4,6/15/2012,BBB
1216,BKH,4,8/11/2016,BBB
1217,BKH,4,1/30/2014,BBB
1218,BKH,4,1/11/2016,BBB
1219,BKH,4,8/12/2014,BBB
1220,OTTR,1,11/25/2015,BBB
1221,OTTR,1,4/1/2014,BB
1222,OTTR,1,12/4/2014,BB
1223,OTTR,4,6/15/2012,BBB
1224,POL,1,5/27/2015,BBB
1225,POL,1,5/28/2014,BBB
1226,POL,1,10/29/2015,BBB
1227,CMC,1,7/17/2013,BBB
1228,CMC,1,9/3/2014,BB
1229,CMC,1,11/4/2015,BB
1230,CMC,4,5/6/2013,BB
1231,SON,1,7/22/2014,A
1232,SON,1,7/23/2013,BBB
1233,SON,1,8/25/2015,A
1234,SON,4,6/15/2012,BBB
1235,SO,4,8/23/2013,BBB
1236,SO,4,8/20/2014,BBB
1237,SO,4,9/13/2016,BBB
1238,SHW,4,12/4/2012,A
1239,SHW,4,7/28/2015,A
1240,NM,3,5/15/2015,B
1241,NM,3,6/10/2016,B
1242,NM,3,10/31/2012,B
1243,NM,3,10/24/2011,B
1244,NM,3,11/14/2013,BB
1245,NM,3,1/13/2011,B
1246,NGL,3,1/15/2016,BB
1247,NGL,3,10/17/2016,BB
1248,TRGP,3,2/4/2016,B
1249,CCLP,4,3/21/2016,CCC
1250,CCLP,3,3/19/2015,B
1251,CCLP,3,7/15/2016,B
1252,CDK,3,12/15/2015,BBB
1253,CDK,3,10/20/2016,BBB
1254,ITW,1,1/30/2014,A
1255,ITW,3,3/26/2015,A
1256,ITW,3,3/25/2016,A
1257,ITW,3,3/20/2013,A
1258,MKL,4,3/29/2016,BBB
1259,MKL,4,3/5/2013,BBB
1260,MKL,4,6/27/2012,BBB
1261,NS,4,11/17/2016,BB
1262,LKQ,4,4/29/2013,BB
1263,LKQ,4,12/5/2014,BB
1264,LKQ,3,3/1/2016,B
1265,LKQ,4,6/15/2012,BB
1266,BTE,4,2/3/2016,CCC
1267,BTE,3,2/10/2014,CCC
1268,BTE,3,7/10/2014,BB
1269,BTE,4,7/10/2012,B
1270,CR,4,12/10/2013,BBB
1271,CR,1,11/3/2014,A
1272,CR,4,6/15/2012,BBB
1273,CR,1,11/6/2015,A
1274,SSNC,3,6/19/2015,BB
1275,SSNC,3,1/11/2016,BB
1276,SSNC,3,12/14/2016,BB
1277,DAN,1,8/13/2015,BBB
1278,DAN,1,8/21/2013,BBB
1279,DAN,1,7/31/2014,BBB
1280,MMP,1,3/23/2015,A
1281,MMP,1,12/30/2013,BBB
1282,MMP,1,11/11/2015,A
1283,MMP,3,8/31/2010,BBB
1284,MMP,3,8/18/2016,BBB
1285,MMP,3,7/29/2011,BBB
1286,MMP,3,7/24/2012,BBB
1287,CVE,3,4/21/2015,BBB
1288,CVE,3,6/7/2012,BBB
1289,CVE,3,3/27/2013,BBB
1290,CVE,4,2/18/2016,BB
1291,CVE,3,9/21/2016,BBB
1292,CVE,4,8/12/2013,BBB
1293,CVE,3,1/28/2011,BBB
1294,KMI,3,8/11/2014,BB
1295,KMI,3,5/24/2012,BB
1296,DOOR,3,3/9/2015,BB
1297,WWW,3,8/17/2016,BB
1298,WWW,3,8/31/2015,BBB
1299,WWW,4,9/24/2012,B
1300,BECN,3,11/30/2015,B
1301,RRC,3,3/4/2013,BB
1302,RRC,3,9/22/2016,BB
1303,RRC,3,5/5/2016,BB
1304,RRC,1,5/29/2014,BB
1305,RRC,1,11/17/2014,BB
1306,WRB,4,7/30/2014,BBB
1307,WRB,4,6/15/2012,BBB
1308,WRB,4,3/10/2016,BBB
1309,WRB,4,4/25/2013,BBB
1310,JWN,3,1/7/2016,A
1311,SCI,4,6/17/2013,B
1312,SCI,1,3/10/2014,BB
1313,SCI,1,11/4/2014,BB
1314,SCI,4,6/15/2012,BBB
1315,SCI,1,9/11/2015,BBB
1316,MTDR,3,2/9/2016,B
1317,LXU,3,11/6/2015,B
1318,LXU,3,7/5/2016,B
1319,LXU,3,7/29/2014,B
1320,LXU,3,8/27/2013,B
1321,FLS,4,10/28/2013,BBB
1322,FLS,2,3/10/2015,BBB
1323,FLS,1,9/3/2015,A
1324,FLS,2,10/4/2016,BBB
1325,FLS,4,9/6/2012,BBB
1326,FLS,2,6/15/2012,BB
1327,FLR,1,11/24/2014,A
1328,FLR,1,3/18/2014,A
1329,FLR,4,3/14/2016,A
1330,FLR,2,6/15/2012,A
1331,BC,4,6/23/2014,BB
1332,BC,4,6/15/2012,BB
1333,BC,4,6/22/2016,BBB
1334,BC,1,7/30/2014,BBB
1335,BC,2,9/2/2016,BBB
1336,HSY,4,8/2/2016,A
1337,HSY,4,8/18/2015,A
1338,HSY,4,5/14/2013,A
1339,HSY,4,8/2/2013,A
1340,BDC,3,3/27/2014,B
1341,BDC,3,3/25/2015,B
1342,BDC,4,3/11/2013,BB
1343,BDC,3,7/20/2016,B
1344,BDC,3,3/20/2016,B
1345,SLCA,3,7/12/2013,BB
1346,SLCA,3,3/29/2016,B
1347,SLCA,3,9/8/2014,BB
1348,SLCA,3,9/23/2016,B
1349,TWI,3,5/11/2016,B
1350,TWI,3,11/21/2014,BB
1351,TWI,3,9/24/2013,B
1352,TWI,3,8/24/2016,B
1353,AMAT,4,6/15/2012,A
1354,AMAT,4,9/21/2015,A
1355,CIEN,1,9/30/2015,B
1356,CIEN,1,9/5/2013,B
1357,ECL,1,11/4/2014,BBB
1358,ECL,1,1/10/2014,BBB
1359,ECL,1,8/10/2015,BBB
1360,ECL,4,12/1/2016,BBB
1361,FTS,4,11/16/2016,BBB
1362,FTS,3,2/9/2016,BBB
1363,PXD,4,11/30/2015,BBB
1364,PXD,4,6/15/2012,BBB
1365,LEA,4,3/11/2014,BB
1366,LEA,1,5/13/2015,BBB
1367,LEA,1,11/9/2015,A
1368,LEA,4,9/22/2016,BBB
1369,LEA,4,6/15/2012,BB
1370,LEA,3,1/14/2013,BB
1371,TEVA,3,7/13/2016,BBB
1372,TEVA,3,3/23/2016,BBB
1373,TEVA,2,1/23/2013,A
1374,IO,3,10/14/2016,CCC
1375,IO,3,3/1/2016,CC
1376,IO,4,12/4/2013,CCC
1377,IO,3,5/1/2013,B
1378,IO,3,11/24/2014,B
1379,KRO,3,2/11/2014,B
1380,KRO,3,8/12/2015,B
1381,KRO,3,2/24/2015,B
1382,EXPE,3,12/22/2011,BBB
1383,EXPE,3,4/7/2011,BBB
1384,BERY,4,5/5/2014,CCC
1385,ADT,2,2/17/2016,BB
1386,BMRN,1,1/6/2015,CCC
1387,BMRN,1,9/10/2015,CCC
1388,TXN,1,1/28/2015,AA
1389,TXN,1,7/24/2013,A
1390,TXN,1,10/28/2015,AA
1391,CTB,1,7/2/2014,BB
1392,CTB,1,9/28/2015,BBB
1393,SUN,3,11/16/2015,BB
1394,SR,1,6/23/2014,A
1395,SR,1,12/18/2015,A
1396,SR,1,5/28/2015,A
1397,SPXC,2,6/15/2012,BB
1398,SPXC,1,8/14/2013,BBB
1399,SPXC,2,9/30/2015,BBB
1400,SPXC,1,1/21/2015,BBB
1401,TER,1,11/12/2013,A
1402,AWR,1,6/3/2015,AA
1403,AWR,1,9/1/2015,AA
1404,PRAH,3,9/19/2014,CCC
1405,PRAH,3,9/30/2015,B
1406,CZR,1,4/1/2014,CCC
1407,CZR,1,9/11/2015,C
1408,CZR,1,11/14/2014,CC
1409,CZR,4,4/5/2013,CCC
1410,YUM,3,10/20/2015,BBB
1411,YUM,4,6/15/2012,BBB
1412,JBHT,1,4/17/2014,AA
1413,JBHT,1,4/16/2015,AA
1414,JBHT,1,10/16/2015,AA
1415,HEP,3,7/12/2016,BB
1416,CCI,2,10/3/2012,BB
1417,CCI,3,8/28/2013,B
1418,CCI,2,1/11/2016,BBB
1419,CCI,1,4/30/2015,BBB
1420,ALB,1,9/15/2015,BB
1421,ALB,1,1/29/2015,BB
1422,WBA,1,8/15/2013,AA
1423,WBA,1,4/13/2015,A
1424,WBA,1,6/26/2013,A
1425,WBA,1,10/27/2015,BBB
1426,VMI,3,8/28/2015,BBB
1427,VMI,3,8/8/2016,BBB
1428,VMI,3,5/30/2012,BBB
1429,VMI,3,5/2/2013,BBB
1430,VMI,3,9/17/2014,BBB
1431,FCAU,4,5/10/2016,B
1432,FCAU,2,4/10/2015,BB
1433,UNIT,4,12/12/2016,CCC
1434,MMM,1,1/28/2015,AA
1435,MMM,1,10/27/2015,AA
1436,MMM,1,8/16/2013,AA
1437,MMM,4,6/15/2012,AA
1438,KGC,4,3/16/2015,BB
1439,KGC,3,2/18/2016,BB
1440,KGC,2,3/3/2014,BBB
1441,LPX,3,9/7/2016,BB
1442,LPX,4,6/15/2012,B
1443,HRL,1,3/21/2014,AA
1444,HRL,4,6/15/2012,A
1445,HRL,1,6/9/2015,AA
1446,HRL,1,9/24/2015,AA
1447,HRL,1,6/18/2013,A
1448,HFC,1,4/1/2015,BBB
1449,HFC,1,8/28/2015,BBB
1450,HFC,1,6/11/2014,A
1451,HFC,4,6/15/2012,BB
1452,HFC,1,6/13/2013,BBB
1453,HFC,3,11/16/2016,BBB
1454,OSB,3,11/18/2015,BB
1455,EBAY,1,7/21/2015,A
1456,EBAY,1,10/17/2013,A
1457,EBAY,1,4/27/2015,A
1458,BAH,4,6/20/2016,BB
1459,BAH,4,6/15/2012,BB
1460,MPLX,2,9/14/2016,BBB
1461,MPLX,3,12/28/2015,BBB
1462,MPLX,4,2/9/2015,BBB
1463,EPR,3,8/19/2015,BBB
1464,EPR,3,11/4/2016,BBB
1465,EPR,3,6/4/2013,BB
1466,EPR,3,10/7/2013,BB
1467,EPR,3,7/8/2014,BBB
1468,EPR,3,8/15/2011,BB
1469,OII,3,11/14/2014,BBB
1470,OII,3,10/14/2016,BBB
1471,OII,3,10/8/2015,BBB
1472,QEP,3,12/9/2013,BB
1473,QEP,3,2/9/2016,BB
1474,QEP,3,9/1/2011,BB
1475,QEP,3,10/20/2014,BB
1476,QEP,3,7/15/2016,BB
1477,QEP,3,7/30/2012,BB
1478,CSGS,3,2/4/2015,BBB
1479,CSGS,3,12/20/2016,BBB
1480,CSGS,3,11/20/2015,BBB
1481,FL,3,9/25/2015,BB
1482,FL,3,9/21/2016,BB
1483,FL,3,10/11/2011,BB
1484,FL,3,8/13/2013,BB
1485,FL,3,10/17/2012,BB
1486,FL,3,10/29/2014,BB
1487,OAS,4,3/11/2016,CCC
1488,OAS,1,9/24/2014,BB
1489,OAS,4,2/27/2014,B
1490,OAS,4,6/15/2012,CCC
1491,SAIC,3,4/22/2016,BB
1492,SAIC,3,4/8/2015,BB
1493,SAIC,4,8/3/2016,BB
1494,AIN,1,6/2/2015,BBB
1495,AIN,1,9/2/2015,BBB
1496,CLGX,3,7/20/2016,B
1497,CLGX,3,5/6/2011,B
1498,CLGX,3,8/31/2011,B
1499,CLGX,3,3/25/2016,B
1500,CLGX,3,3/16/2015,B
1501,CLGX,3,5/21/2013,B
1502,CLGX,3,7/1/2013,B
1503,MHK,3,8/10/2016,BBB
1504,MHK,3,6/2/2015,BBB
1505,MHK,3,8/27/2015,BBB
1506,BKD,1,5/22/2015,CCC
1507,BKD,1,9/10/2015,CCC
1508,ZBRA,3,9/26/2016,B
1509,ZBRA,4,9/17/2014,B
1510,ZBRA,3,9/3/2015,B
1511,CP,3,3/12/2014,BBB
1512,CVGI,3,4/8/2011,B
1513,CVGI,3,2/26/2015,B
1514,CVGI,3,1/31/2013,B
1515,CVGI,3,12/12/2013,B
1516,CVGI,3,2/12/2016,B
1517,EPC,3,6/20/2014,BBB
1518,EPC,4,2/23/2016,BB
1519,EPC,3,8/18/2014,BBB
1520,EPC,4,6/15/2012,BBB
1521,CF,3,8/6/2015,BBB
1522,CF,3,11/8/2016,BBB
1523,DAL,2,9/14/2015,BBB
1524,DAL,2,6/15/2012,BB
1525,NGD,3,11/25/2014,BB
1526,NGD,4,6/15/2012,B
1527,NGD,3,11/8/2012,BB
1528,NGD,3,3/28/2014,BB
1529,NGD,3,9/4/2015,BB
1530,NGD,3,11/10/2016,B
1531,INTU,3,2/3/2016,BBB
1532,INTU,1,2/26/2015,A
1533,INTU,4,6/15/2012,BBB
1534,TRN,3,5/29/2015,BB
1535,TRN,2,11/25/2013,BBB
1536,TRN,3,4/27/2016,BBB
1537,TRN,3,5/29/2013,BB
1538,BW,3,9/23/2016,BBB
1539,BW,3,9/22/2014,BBB
1540,BW,3,9/23/2015,BBB
1541,CHE,1,5/20/2015,A
1542,CHE,1,5/19/2014,A
1543,CHE,1,10/28/2015,A
1544,NCR,3,4/3/2015,BB
1545,NCR,3,8/14/2013,BB
1546,NCR,4,11/12/2015,B
1547,NCR,4,9/7/2012,BB
1548,NCR,3,12/14/2016,BB
1549,IGT,1,8/1/2014,BBB
1550,IGT,1,11/25/2015,BB
1551,NUAN,3,11/30/2015,BB
1552,NUAN,3,2/19/2013,BB
1553,NUAN,3,12/8/2016,BB
1554,NUAN,3,3/4/2015,BB
1555,NUAN,3,2/27/2014,BB
1556,NRG,3,9/11/2012,BB
1557,TFX,3,5/16/2014,BB
1558,TFX,3,12/2/2016,BB
1559,TFX,3,4/1/2016,BB
1560,TFX,4,6/15/2012,B
1561,TFX,3,10/1/2014,BB
1562,AES,2,6/15/2012,BB
1563,TEX,1,5/8/2015,BB
1564,TEX,1,11/12/2013,BB
1565,TEX,1,10/23/2015,BB
1566,TEX,4,6/15/2012,CCC
1567,TEX,4,5/28/2013,B
1568,AMCX,4,6/15/2012,BB
1569,AMCX,3,11/15/2013,BB
1570,AMCX,4,12/10/2012,BB
1571,NRP,3,6/1/2016,CCC
1572,NRP,3,10/8/2014,B
1573,NRP,3,9/9/2013,B
1574,BA,4,6/15/2012,A
1575,MAN,1,7/23/2014,A
1576,MAN,3,4/15/2014,BBB
1577,MAN,1,10/26/2015,A
1578,MAN,4,6/15/2012,BBB
1579,MAN,3,4/16/2013,BBB
1580,MAN,3,8/15/2016,BBB
1581,GLDD,3,10/23/2015,B
1582,GLDD,4,11/19/2014,CCC
1583,GLDD,3,8/7/2012,B
1584,GLDD,3,8/11/2011,B
1585,GLDD,4,8/26/2013,CCC
1586,KEYS,3,9/27/2016,BBB
1587,KEYS,3,9/24/2015,BBB
1588,KEYS,3,9/12/2014,BBB
1589,NFLX,3,10/24/2016,B
1590,NFLX,3,2/25/2015,B
1591,NFLX,3,6/9/2014,BB
1592,NFLX,3,2/25/2016,B
1593,NFLX,3,1/29/2013,BB
1594,TGI,3,12/5/2013,BB
1595,R,3,8/10/2012,BBB
1596,R,3,6/26/2012,BBB
1597,WNC,3,7/15/2015,BB
1598,WNC,3,3/5/2015,BB
1599,CEVA,4,4/4/2014,B
1600,CEVA,4,12/7/2012,CCC
1601,CEVA,4,6/15/2012,CCC
1602,OSK,4,2/6/2014,B
1603,OSK,4,6/15/2012,B
1604,H,4,2/29/2016,BBB
1605,H,3,9/7/2016,BBB
1606,H,3,9/26/2014,BBB
1607,WRK,3,7/6/2015,BBB
1608,RYI,4,5/11/2016,CCC
1609,INTC,2,11/23/2015,A
1610,INTC,1,7/26/2013,AA
1611,INTC,1,4/16/2015,A
1612,ENIA,4,10/13/2016,BBB
1613,ENIA,4,12/23/2015,BBB
1614,SAH,3,6/30/2015,BB
1615,SAH,3,9/23/2016,B
1616,SAH,3,6/24/2016,BB
1617,SAH,3,5/6/2013,BB
1618,SAH,3,6/25/2012,B
1619,BEP,3,5/19/2016,BB
1620,BEP,3,9/22/2016,BB
1621,ADSW,3,10/20/2016,B
1622,ZTS,3,1/30/2015,BBB
1623,ZTS,3,12/23/2016,BBB
1624,ZTS,3,1/22/2016,BBB
1625,ZTS,3,1/31/2014,BBB
1626,PSXP,3,10/11/2016,BBB
1627,PSXP,3,2/18/2015,BBB
1628,PSXP,3,10/19/2015,BBB
1629,LRCX,4,3/5/2015,BBB
1630,LRCX,4,5/23/2016,BBB
1631,LRCX,3,12/15/2011,BB
1632,LRCX,3,10/27/2016,BBB
1633,STM,4,3/15/2013,BBB
1634,STM,2,7/8/2013,BBB
1635,STM,4,2/24/2016,BB
1636,STM,3,7/3/2014,BBB
1637,STM,3,12/2/2016,BBB
1638,STM,2,6/15/2012,BBB
1639,CMCO,4,6/15/2012,B
1640,CAH,3,3/20/2013,A
1641,CAH,3,9/3/2015,A
1642,CAH,3,6/16/2015,A
1643,SSP,3,10/31/2014,BB
1644,PGR,4,6/15/2012,A
1645,PGR,4,1/21/2015,A
1646,PGR,4,8/22/2016,A
1647,PGR,4,4/22/2014,A
1648,UPS,3,8/28/2012,AA
1649,UPS,3,2/17/2012,AA
1650,GME,3,9/22/2014,BBB
1651,GME,3,3/2/2016,BB
1652,BLDR,3,7/22/2016,B
1653,BLDR,3,7/13/2015,B
1654,CKH,4,3/14/2016,CCC
1655,CKH,1,4/9/2014,BB
1656,CKH,1,11/3/2014,BB
1657,CKH,4,6/15/2012,BB
1658,ACM,3,10/20/2014,BB
1659,ACM,3,10/16/2015,BB
1660,ACM,3,10/20/2016,BB
1661,GHC,4,8/10/2012,BBB
1662,GHC,4,6/26/2014,BBB
1663,GHC,4,6/15/2012,A
1664,GHC,4,6/24/2015,BB
1665,FLEX,2,6/15/2012,BBB
1666,FLEX,4,6/9/2016,BBB
1667,FLEX,4,6/3/2015,BB
1668,FLEX,3,2/12/2013,BB
1669,FLEX,3,12/1/2016,BBB
1670,FLEX,3,9/27/2013,BB
1671,HBI,1,12/11/2013,BB
1672,HBI,3,5/17/2016,BB
1673,HBI,3,8/31/2016,BB
1674,USM,1,7/15/2013,BBB
1675,USM,2,1/23/2015,BB
1676,USM,1,11/19/2015,BB
1677,USM,4,6/15/2012,BBB
1678,USM,3,10/6/2016,BB
1679,ACIW,3,11/26/2013,BB
1680,RPM,2,10/19/2012,BBB
1681,RPM,1,4/16/2015,BBB
1682,RPM,1,1/17/2014,BBB
1683,RPM,1,8/20/2015,BBB
1684,RPM,2,6/15/2012,BBB
1685,AMAG,3,10/12/2015,B
1686,AMAG,3,10/10/2016,BB
1687,TPC,4,9/14/2012,B
1688,TPC,3,11/20/2014,BB
1689,TPC,3,6/10/2016,BB
1690,TPC,3,11/3/2016,B
1691,TPC,3,9/5/2013,BB
1692,TPC,3,11/19/2010,BB
1693,TPC,3,11/11/2011,BB
1694,ACN,3,9/22/2016,A
1695,ACN,3,9/11/2015,A
1696,ACN,4,6/15/2012,A
1697,ACN,3,9/30/2014,A
1698,ACN,3,7/24/2012,A
1699,ACN,3,8/2/2013,A
1700,HRC,3,7/21/2015,BB
1701,HRC,3,11/1/2016,BB
1702,HRC,3,6/17/2015,BBB
1703,ERJ,4,6/15/2012,BBB
1704,ERJ,3,4/19/2016,BBB
1705,DCP,1,9/23/2014,BBB
1706,DCP,1,11/13/2015,BB
1707,TPX,3,9/20/2016,BB
1708,TPX,3,2/26/2016,BB
1709,CRK,3,5/20/2016,B
1710,CRK,3,9/20/2016,CCC
1711,CRK,3,4/30/2015,B
1712,POST,3,5/13/2015,B
1713,POST,3,12/14/2016,B
1714,POST,3,8/10/2015,B
1715,POST,3,5/20/2014,B
1716,ASNA,3,6/26/2015,BB
1717,ASNA,3,6/3/2016,BB
1718,CCOI,3,2/20/2015,B
1719,CCOI,3,1/28/2016,B
1720,CCOI,3,11/28/2016,B
1721,CCOI,3,2/29/2012,B
1722,CCOI,3,4/1/2014,B
1723,CCOI,3,2/16/2011,B
1724,CCOI,3,2/20/2013,B
1725,Y,4,1/27/2016,BBB
1726,Y,4,6/15/2012,BBB
1727,Y,4,9/2/2014,BBB
1728,FTI,3,4/26/2016,BBB
1729,EGO,4,3/31/2016,B
1730,EGO,3,9/21/2016,BB
1731,EGO,3,9/9/2014,BB
1732,EGO,3,8/16/2013,BB
1733,IRM,4,12/18/2014,B
1734,IRM,4,6/15/2012,B
1735,HLT,1,11/20/2014,BB
1736,HLT,1,11/11/2015,BB
1737,AXTA,4,4/9/2015,B
1738,BBBY,3,1/12/2016,BBB
1739,BBBY,4,7/14/2014,BBB
1740,BBBY,3,7/25/2016,BBB
1741,UIS,1,2/14/2014,BB
1742,UIS,1,9/4/2015,BB
1743,UIS,1,10/27/2014,BB
1744,UIS,4,8/16/2012,B
1745,UIS,4,6/15/2012,BB
1746,LEU,1,9/25/2013,B
1747,MTX,3,6/5/2015,BB
1748,MTX,3,6/10/2014,BB
1749,MTX,4,7/21/2015,BB
1750,LPI,3,1/27/2015,B
1751,LPI,3,1/22/2016,B
1752,LPI,3,4/24/2012,B
1753,LPI,3,1/28/2013,B
1754,LPI,3,11/7/2016,B
1755,LPI,3,1/30/2014,B
1756,AR,3,3/6/2015,BB
1757,AR,3,3/10/2016,BB
1758,AR,3,9/27/2016,BB
1759,MPC,4,9/3/2014,BBB
1760,MPC,4,12/7/2015,BBB
1761,MPC,3,7/1/2011,BBB
1762,GFF,3,3/7/2014,BB
1763,GFF,3,2/29/2012,BB
1764,GFF,3,4/10/2015,BB
1765,GFF,3,2/24/2016,BB
1766,GFF,3,3/24/2011,BB
1767,GFF,3,2/27/2013,BB
1768,PKG,4,6/15/2012,BBB
1769,PKG,4,9/2/2014,BBB
1770,PKG,4,10/15/2013,BBB
1771,L,4,6/15/2012,A
1772,SLGN,1,11/11/2013,BB
1773,SLGN,1,7/24/2014,BB
1774,SLGN,4,6/15/2012,BB
1775,SLGN,1,10/23/2015,BB
1776,HUM,4,12/5/2012,BBB
1777,HUM,4,6/15/2012,BBB
1778,HUM,4,9/16/2014,BBB
1779,DLX,1,4/28/2015,BBB
1780,DLX,1,5/12/2014,BBB
1781,DLX,4,6/15/2012,BB
1782,DLX,1,10/15/2015,BBB
1783,DLX,4,11/9/2012,BB
1784,LII,4,6/15/2012,BBB
1785,LII,1,7/21/2015,A
1786,LII,1,4/22/2015,A
1787,LII,4,10/25/2016,BBB
1788,NOK,3,8/2/2011,BBB
1789,NOK,3,6/9/2011,BBB
1790,NOK,3,5/15/2014,BB
1791,NOK,2,7/20/2012,BB
1792,ITT,4,12/4/2014,BBB
1793,ITT,2,5/16/2016,BBB
1794,MERC,4,11/12/2014,B
1795,MERC,3,10/20/2016,BB
1796,MERC,3,11/26/2015,B
1797,COST,4,6/15/2012,A
1798,COST,1,10/9/2014,AA
1799,COST,1,4/14/2014,AA
1800,COST,4,11/28/2012,A
1801,COST,1,10/5/2015,AA
1802,WM,3,11/26/2013,BBB
1803,RDN,4,2/27/2013,CCC
1804,RDN,4,6/15/2012,CCC
1805,CAG,3,7/1/2015,BBB
1806,CFX,4,6/5/2015,BB
1807,CFX,3,12/1/2016,BB
1808,CFX,3,3/25/2016,BB
1809,CFX,4,10/21/2013,BB
1810,CFX,4,2/27/2013,BB
1811,VIV,4,9/11/2012,BBB
1812,ENS,3,8/25/2015,BB
1813,ENS,4,6/15/2012,B
1814,ENS,3,7/14/2016,BB
1815,ENS,4,4/6/2015,BB
1816,ENS,4,8/16/2013,BB
1817,PDCE,4,7/1/2015,B
1818,PDCE,4,9/9/2016,B
1819,BYD,1,12/12/2013,CCC
1820,BYD,3,8/5/2016,B
1821,BYD,3,6/1/2016,B
1822,BYD,2,6/15/2012,CCC
1823,CPAC,3,2/24/2015,BB
1824,MBI,4,6/15/2012,B
1825,MBI,4,11/19/2012,CCC
1826,MBI,4,5/21/2014,BB
1827,BP,2,6/15/2012,A
1828,VIAV,1,6/7/2013,BB
1829,VIAV,1,10/3/2013,BB
1830,GCP,3,1/12/2016,BB
1831,SMTC,4,6/15/2012,BB
1832,INFO,3,7/26/2016,BB
1833,INFO,4,6/28/2016,BB
1834,MDCA,3,3/17/2016,B
1835,MDCA,3,11/23/2016,B
1836,CLH,3,11/27/2012,BB
1837,SGU,1,12/22/2015,B
1838,SGU,1,9/3/2014,B
1839,SGU,1,9/4/2013,B
1840,PEG,4,11/2/2016,BBB
1841,PEG,2,6/15/2012,BBB
1842,HCHC,4,11/6/2014,CCC
1843,HCHC,3,10/24/2016,B
1844,HCHC,3,12/15/2015,B
1845,CE,4,6/15/2012,BB
1846,DISH,3,8/2/2016,B
1847,APH,4,9/9/2014,BBB
1848,APH,4,6/15/2012,BBB
1849,APH,4,1/23/2014,BBB
1850,EAT,3,9/13/2016,BB
1851,NEU,3,1/15/2016,BBB
1852,NEU,4,12/13/2012,BBB
1853,NEU,3,1/13/2014,BBB
1854,NEU,3,1/8/2015,BBB
1855,GPI,3,12/3/2015,BB
1856,GPI,3,10/21/2016,BB
1857,GPI,3,5/12/2014,BB
1858,GPI,3,11/26/2014,BB
1859,SGMS,3,1/31/2013,BB
1860,SGMS,4,11/25/2014,CCC
1861,SGMS,4,6/15/2012,B
1862,SGMS,3,11/12/2013,B
1863,SALM,3,8/21/2013,B
1864,SALM,3,8/15/2016,B
1865,SALM,3,8/5/2014,B
1866,SALM,3,3/4/2013,B
1867,SALM,3,2/8/2016,B
1868,XIN,3,8/24/2016,B
1869,XIN,3,11/17/2014,B
1870,XIN,3,4/17/2013,B
1871,XIN,3,6/16/2014,B
1872,AMD,3,10/12/2012,BB
1873,MTG,4,6/15/2012,CCC
1874,CRL,3,3/31/2016,BBB
1875,CRL,3,4/24/2015,BBB
1876,LVS,4,12/22/2015,BB
1877,SEM,3,11/19/2014,B
1878,SEM,4,2/12/2013,B
1879,SEM,3,11/16/2015,B
1880,SEM,3,11/17/2016,B
1881,SEM,3,10/16/2013,B
1882,LSCC,4,9/29/2015,B
1883,LSCC,3,11/7/2016,B
1884,EQIX,3,7/25/2016,BBB
1885,CNC,4,1/26/2016,BB
1886,CNC,4,4/24/2014,BB
1887,CNC,4,6/15/2012,BB
1888,CNC,4,11/2/2012,BB
1889,CNC,4,10/26/2016,BB
1890,ALGT,3,9/14/2016,BB
1891,ALGT,3,6/24/2016,BB
1892,ALGT,3,6/16/2014,BB
1893,ALGT,3,6/25/2015,BB
1894,TTC,4,6/15/2012,BBB
1895,TECD,3,9/22/2016,BBB
1896,TECD,4,9/14/2012,BBB
1897,STLD,3,9/4/2014,BB
1898,GOOG,4,8/2/2016,AA
1899,GOOG,4,2/12/2016,AA
1900,V,4,12/9/2015,A
1901,COTY,4,10/3/2016,BB
1902,GPOR,3,10/6/2016,B
1903,UHS,1,4/29/2015,BBB
1904,UHS,1,5/14/2014,BBB
1905,UHS,1,11/18/2015,BBB
1906,FTV,3,9/6/2016,BBB
1907,GOGO,3,5/18/2016,CCC
1908,WAB,3,10/31/2016,BBB
1909,WAB,4,6/15/2012,BB
1910,WAB,4,6/5/2013,BBB
1911,WAB,4,8/5/2013,BBB
1912,XYL,4,10/4/2016,BBB
1913,XYL,4,3/11/2016,BBB
1914,SJM,4,3/10/2015,BBB
1915,SJM,4,6/15/2012,A
1916,RFP,3,9/4/2013,BB
1917,RFP,3,5/29/2015,BB
1918,RFP,3,5/26/2016,BB
1919,RFP,3,9/8/2016,B
1920,RFP,3,4/24/2013,BB
1921,ALV,3,10/24/2016,A
1922,CATM,3,7/19/2016,BBB
1923,CATM,3,7/14/2014,BBB
1924,CATM,3,7/31/2015,BBB
1925,MTSC,4,6/14/2016,B
1926,OEC,4,8/11/2014,B
1927,HII,3,2/17/2016,BBB
1928,HII,3,11/17/2014,BB
1929,HII,3,12/16/2016,BBB
1930,TRS,4,6/15/2012,B
1931,EW,4,9/24/2013,BBB
1932,BGG,1,5/16/2014,BB
1933,BGG,1,1/23/2015,BB
1934,BGG,1,8/25/2015,BB
1935,EXP,4,7/25/2016,BB
1936,XRAY,4,6/15/2012,BBB
1937,BTI,3,10/24/2016,A
1938,ALKS,3,9/7/2012,BB
1939,ALKS,3,8/27/2014,BB
1940,ALKS,3,3/9/2016,BB
1941,SMG,4,10/15/2015,B
1942,SMG,4,6/15/2012,B
1943,SMG,4,12/12/2016,B
1944,UGP,4,2/25/2016,BB
1945,UGP,4,6/15/2012,BBB
1946,UGP,4,5/24/2013,BBB
1947,TRMB,4,11/19/2014,BBB
1948,AT,4,8/7/2013,B
1949,AT,4,6/15/2012,B
1950,RLI,4,9/25/2013,BBB
1951,HNGR,1,9/11/2014,BB
1952,HNGR,1,12/11/2013,BB
1953,MMLP,3,12/18/2014,B
1954,EA,3,2/17/2016,BBB
1955,EA,3,8/18/2016,BBB
1956,MGA,4,11/17/2015,BBB
1957,AWI,3,2/3/2016,BB
1958,ABG,3,6/7/2016,BB
1959,ABG,3,11/19/2014,B
1960,NX,4,9/14/2015,B
1961,CSIQ,2,9/22/2016,BB
1962,CSIQ,4,9/23/2015,BB
1963,SABR,4,4/13/2016,BB
1964,MA,4,11/23/2015,A
1965,HXL,4,6/15/2012,B
1966,HXL,3,4/13/2016,BBB
1967,RCL,3,5/26/2016,BB
1968,RCL,4,6/15/2012,BB
1969,RCL,3,12/23/2016,BB
1970,NYT,4,6/15/2012,B
1971,HPE,4,9/30/2015,BBB
1972,ICLR,4,1/5/2016,BBB
1973,NXPI,3,10/28/2016,BB
1974,NXPI,3,12/7/2015,BB
1975,NXPI,4,11/24/2014,B
1976,GPRE,4,5/7/2014,B
1977,MX,3,2/17/2015,B
1978,MX,4,6/27/2014,B
1979,MX,4,6/15/2012,B
1980,MX,4,8/10/2016,CCC
1981,MX,4,6/24/2013,B
1982,HL,4,4/2/2013,B
1983,PED,1,12/23/2015,BBB
1984,SIG,2,8/25/2016,BB
1985,VSTO,3,2/25/2016,BB
1986,VSTO,3,8/25/2016,BB
1987,KRA,4,12/1/2015,B
1988,VRNT,4,2/15/2013,B
1989,VRNT,3,6/11/2014,BB
1990,VRNT,4,6/15/2012,B
1991,GTN,3,6/7/2016,B
1992,GTN,3,9/7/2016,B
1993,PYPL,2,9/29/2016,BBB
1994,BR,4,6/21/2016,BBB
1995,BR,4,8/14/2013,BBB
1996,BR,2,6/15/2012,BBB
1997,ETM,4,6/15/2012,CCC
1998,PRA,4,11/18/2013,BBB
1999,KODK,4,11/9/2016,B
2000,SCS,4,6/15/2012,BB
2001,SCS,4,1/14/2014,BBB
2002,ENTG,4,3/3/2016,B
2003,FISV,3,5/19/2015,BBB
2004,FISV,3,3/18/2016,BBB
2005,FANG,3,12/15/2016,BB
2006,NBL,2,3/24/2016,BBB
2007,BIO,2,6/15/2012,BBB
2008,BIO,2,11/10/2014,BBB
2009,PRAA,4,6/15/2012,BB
2010,CDNS,2,2/4/2016,BBB
2011,PTC,3,5/2/2016,BB
2012,SRCL,3,3/25/2016,A
2013,SRCL,3,10/25/2016,A
2014,VVV,3,10/4/2016,BB
2015,KOS,2,4/14/2015,B
2016,KOP,4,6/15/2012,B
2017,STX,2,6/15/2012,BBB
2018,MANT,4,6/15/2012,BB
2019,NOG,3,4/8/2016,CCC
2020,IRS,3,12/17/2010,B
2021,IT,1,2/18/2016,AA
2022,SBAC,3,8/28/2013,B
2023,XPER,3,10/24/2016,BB
2024,IMO,5,10/7/2016,AA
2025,NVR,4,9/5/2012,BBB
2026,KALU,3,4/28/2016,BB
2027,CRESY,2,11/30/2012,B
2028,CRESY,2,6/15/2012,B
2029,CRESY,2,8/1/2014,CCC
